cell_count,elapsed_seconds,mcs
2,735.928054,271
4,1488.355371,551
8,2267.619450,831
16,3106.673149,1111
32,4058.852566,1391
64,5285.479562,1671
128,7283.527867,1951
256,11036.422144,2231
512,18048.781518,2511
1024,37073.675311,2801
